{
  "project_info": {
    "project_number": "385300765927",
    "firebase_url": "https://raahee-5a80f.firebaseio.com",
    "project_id": "raahee-5a80f",
    "storage_bucket": "raahee-5a80f.appspot.com"
  },
  "client": [

    {
      "client_info": {
        "mobilesdk_app_id": "1:385300765927:android:cb87224d9a8d66f6521642",
        "android_client_info": {
          "package_name": "com.example.raheeapp"
        }
      },
      "oauth_client": [
        {
          "client_id": "385300765927-l80ti60ct671smpob0205ae7qsjevagm.apps.googleusercontent.com",
          "client_type": 3
        }
      ],
      "api_key": [
        {
          "current_key": "AIzaSyDH1f9UWeTAqaB2tQ5SkokePu_4LYX7cxI"
        }
      ],
      "services": {
        "appinvite_service": {
          "other_platform_oauth_client": [
            {
              "client_id": "385300765927-l80ti60ct671smpob0205ae7qsjevagm.apps.googleusercontent.com",
              "client_type": 3
            }
          ]
        }
      }
    }
  ],
  "configuration_version": "1"
}