{
  "project_info": {
    "project_number": "385300765927",
    "firebase_url": "https://raahee-5a80f.firebaseio.com",
    "project_id": "raahee-5a80f",
    "storage_bucket": "raahee-5a80f.appspot.com"
  },
  "client": [
    {
      "client_info": {
        "mobilesdk_app_id": "1:385300765927:android:d96e40d5e089b1f7521642",
        "android_client_info": {
          "package_name": "chatapp.psy"
        }
      },
      "oauth_client": [
        {
          "client_id": "385300765927-hs4qeoe2pc2hc6q2d1v932om0bc92sdn.apps.googleusercontent.com",
          "client_type": 1,
          "android_info": {
            "package_name": "chatapp.psy",
            "certificate_hash": "1fe399aa169a511ac1106b105cc860a01c120b46"
          }
        },
        {
          "client_id": "385300765927-l80ti60ct671smpob0205ae7qsjevagm.apps.googleusercontent.com",
          "client_type": 3
        }
      ],
      "api_key": [
        {
          "current_key": "AIzaSyDH1f9UWeTAqaB2tQ5SkokePu_4LYX7cxI"
        }
      ],
      "services": {
        "appinvite_service": {
          "other_platform_oauth_client": [
            {
              "client_id": "385300765927-l80ti60ct671smpob0205ae7qsjevagm.apps.googleusercontent.com",
              "client_type": 3
            }
          ]
        }
      }
    },
    {
      "client_info": {
        "mobilesdk_app_id": "1:385300765927:android:728aaa5f6203f07f521642",
        "android_client_info": {
          "package_name": "com.example.chat"
        }
      },
      "oauth_client": [
        {
          "client_id": "385300765927-au4pt460mnadceqnh61ra5d4da00b4t1.apps.googleusercontent.com",
          "client_type": 1,
          "android_info": {
            "package_name": "com.example.chat",
            "certificate_hash": "1fe399aa169a511ac1106b105cc860a01c120b46"
          }
        },
        {
          "client_id": "385300765927-rph7ptceg8dmrtdal4uabda53k57dm8b.apps.googleusercontent.com",
          "client_type": 1,
          "android_info": {
            "package_name": "com.example.chat",
            "certificate_hash": "5daf1cca03314ba6302bd36e5f31552c84a3b804"
          }
        },
        {
          "client_id": "385300765927-l80ti60ct671smpob0205ae7qsjevagm.apps.googleusercontent.com",
          "client_type": 3
        }
      ],
      "api_key": [
        {
          "current_key": "AIzaSyDH1f9UWeTAqaB2tQ5SkokePu_4LYX7cxI"
        }
      ],
      "services": {
        "appinvite_service": {
          "other_platform_oauth_client": [
            {
              "client_id": "385300765927-l80ti60ct671smpob0205ae7qsjevagm.apps.googleusercontent.com",
              "client_type": 3
            }
          ]
        }
      }
    },
    {
      "client_info": {
        "mobilesdk_app_id": "1:385300765927:android:94a3a41de5c7cc35521642",
        "android_client_info": {
          "package_name": "com.example.raahee"
        }
      },
      "oauth_client": [
        {
          "client_id": "385300765927-fa9vuii1nmqtdp5agj2n9ff605srch0p.apps.googleusercontent.com",
          "client_type": 1,
          "android_info": {
            "package_name": "com.example.raahee",
            "certificate_hash": "5daf1cca03314ba6302bd36e5f31552c84a3b804"
          }
        },
        {
          "client_id": "385300765927-l80ti60ct671smpob0205ae7qsjevagm.apps.googleusercontent.com",
          "client_type": 3
        }
      ],
      "api_key": [
        {
          "current_key": "AIzaSyDH1f9UWeTAqaB2tQ5SkokePu_4LYX7cxI"
        }
      ],
      "services": {
        "appinvite_service": {
          "other_platform_oauth_client": [
            {
              "client_id": "385300765927-l80ti60ct671smpob0205ae7qsjevagm.apps.googleusercontent.com",
              "client_type": 3
            }
          ]
        }
      }
    },
    {
      "client_info": {
        "mobilesdk_app_id": "1:385300765927:android:cb87224d9a8d66f6521642",
        "android_client_info": {
          "package_name": "com.example.raheeapp"
        }
      },
      "oauth_client": [
        {
          "client_id": "385300765927-l80ti60ct671smpob0205ae7qsjevagm.apps.googleusercontent.com",
          "client_type": 3
        }
      ],
      "api_key": [
        {
          "current_key": "AIzaSyDH1f9UWeTAqaB2tQ5SkokePu_4LYX7cxI"
        }
      ],
      "services": {
        "appinvite_service": {
          "other_platform_oauth_client": [
            {
              "client_id": "385300765927-l80ti60ct671smpob0205ae7qsjevagm.apps.googleusercontent.com",
              "client_type": 3
            }
          ]
        }
      }
    },
    {
      "client_info": {
        "mobilesdk_app_id": "1:385300765927:android:b13391688ece2fd8521642",
        "android_client_info": {
          "package_name": "com.podii.journalapp"
        }
      },
      "oauth_client": [
        {
          "client_id": "385300765927-puv3egah119tf0han6emmj78i0jaa5n6.apps.googleusercontent.com",
          "client_type": 1,
          "android_info": {
            "package_name": "com.podii.journalapp",
            "certificate_hash": "5daf1cca03314ba6302bd36e5f31552c84a3b804"
          }
        },
        {
          "client_id": "385300765927-l80ti60ct671smpob0205ae7qsjevagm.apps.googleusercontent.com",
          "client_type": 3
        }
      ],
      "api_key": [
        {
          "current_key": "AIzaSyDH1f9UWeTAqaB2tQ5SkokePu_4LYX7cxI"
        }
      ],
      "services": {
        "appinvite_service": {
          "other_platform_oauth_client": [
            {
              "client_id": "385300765927-l80ti60ct671smpob0205ae7qsjevagm.apps.googleusercontent.com",
              "client_type": 3
            }
          ]
        }
      }
    }
  ],
  "configuration_version": "1"
}